랭킹,브랜드,상품명,정가,할인가
01,차앤박,[2월 올영픽] 차앤박 프로폴리스 에너지 액티브 앰플 30ml 트리플 기획,"74,000","42,900"
02,에스트라,[2월올영픽/1등크림] 에스트라 아토베리어365 크림 80ML 더블기획 (+세라히알 앰플 7ML+에이시카 세럼 3ML),"59,400","44,500"
03,라로슈포제,[2월 올영픽/올영 단독] 라로슈포제 시카플라스트 밤 B5+ 200ml 기획 (+시카PRO마스크 1매),"70,000","49,900"
04,메디큐브,[1+1/흔적미백] 메디큐브 연어 PDRN 핑크 앰플 더블기획 (30ml+30ml),"46,000","25,900"
05,토리든,[단독기획] 토리든 다이브인 저분자 히알루론산 세럼 50ml 리필기획(+리필팩 50ml),"36,000","27,000"
06,라로슈포제,[2월 올영픽] 라로슈포제 시카플라스트 크림 B5 100ml 기획 (+시카토너 50ml+시카크림 3ml 증정),"50,000","38,100"
07,구달,[세럼1위/6년연속수상/총 120ml 대용량]구달 청귤 비타C 잡티케어 세럼 70ml 대용량 어워즈 한정기획,"50,000","32,900"
08,웰라쥬,[대용량150ml] 웰라쥬 리얼 히알루로닉 블루 100 앰플 75ml 1+1 기획,"46,000","29,900"
09,바이오더마,[2월 올영픽/화장솜 증정] 바이오더마 하이드라비오 에센스 로션 200ml(화장솜 증정),"35,000","23,500"
10,에스네이처,[2년연속수상/1+1] 에스네이처 아쿠아 스쿠알란 수분크림 60ml 더블 기획(60ml+60ml),"43,000","23,500"
11,셀라딕스,[트러블/모공개선] 셀라딕스 세범 리밸런싱 RX 131 앰플,"28,900","25,400"
12,닥터지,[1등크림/100ml대용량]닥터지 레드 블레미쉬 클리어 수딩 크림 기획세트 (100ml/150ml구성),"38,000","27,600"
13,라네즈,[2월 올영픽] 라네즈 크림스킨 170ml 리필기획 (+170ml 리필+미스트펌프 증정),"33,000","23,700"
14,아누아,[화해1위] 아누아 피디알엔 히알루론산 캡슐 100 세럼 30ml 기획 (+1ml*5ea),"39,000","25,900"
15,센텔리안24,센텔리안24 마데카 크림 타임 리버스 단독 기획(15ml*2개+마스크팩3매),"38,000","21,900"
16,에스트라,[2월올영픽]에스트라 아토베리어365 로션 150ml 리필 기획 (+150ML 리필 파우치 + 에이시카 세럼 3ML),"53,400","39,900"
17,바이오더마,[2월 올영픽]바이오더마 시카비오 포마드 100ml(리페어 리치 밤),"38,000","28,900"
18,파티온,[아랑 PICK] 파티온 노스카나인 트러블 세럼 기획 (50ml+15ml),"38,000","27,900"
19,피지오겔,[한정기획] 피지오겔 DMT 페이셜 수분크림 150ml + 75ml 증정,"55,000","31,900"
20,차앤박,[2월 올영픽/재유PICK] 차앤박 더마앤서 액티브 부스트 PDRN앰플 30ml 기획 (+15ml 증정),"39,000","26,900"
21,토리든,토리든 다이브인 수딩 크림 더블 기획세트(100ml+100ml),"42,000","29,400"
22,바이오더마,[2월 올영픽]바이오더마 하이드라비오 토너 500ml 기획 (+K2 콜라보 파우치),"38,000","25,270"
23,바이오더마,[2월 올영픽/40ml 본품증정]바이오더마 시카비오 크림+ 100ml 기획 (+40ml 증정),"43,000","33,900"
24,닥터지,[탄력/보습크림] 닥터지 블랙 스네일 크림 50ml 1+1 기획 (+15ml)(영양크림),"33,000","29,800"
25,아벤느,아벤느 오 떼르말 미스트 300ml 2입 기획,"34,000","25,900"
26,브링그린,[1등세럼] 브링그린 징크테카 트러블 세럼 한정기획,"39,600","24,800"
27,온그리디언츠,[1등로션]온그리디언츠 스킨 베리어 카밍 로션 기획(220ml+80ml),"39,900","30,510"
28,더하르나이,[화잘먹크림/단독기획]더하르나이 시카이드 크림 100ml+30ml 기획,"29,000","19,900"
29,메디힐,[NEW/1위] 메디힐 마데카소사이드 흔적 리페어 세럼 증량 기획(40ml+20ml),"26,900","17,900"
30,바이오힐보,[2월 올영픽/PDRN 키트증정] 바이오힐보 프로바이오덤 콜라겐 리모델링 세럼 30ml 리필 기획 (+프로그램14ml),"49,500","28,900"
오특,제로이드,[2월 올영픽/올영단독] 제로이드 인텐시브 크림 80ml 기획 (+수딩 크림 25ml+하이드레이팅 앰플 7ml),"32,000","25,600"
,프리메라,[레티놀+비타민C] 프리메라 비타티놀 세럼 21g+15g 기획/단품,"40,000","30,400"
32,퍼셀,[최모나PICK/2월올영픽/장벽강화원액/리뷰이벤트] 퍼셀 20억/mL 픽셀바이옴 원액 20ml 기획 (+7ml),"28,000","24,500"
33,라로슈포제,[2월 올영픽] 라로슈포제 히알루B5 세럼 30ml 기획 (+3ml*2 추가증정),"56,000","42,000"
34,바이오힐보,[1등탄력]바이오힐보 프로바이오덤 3D 리프팅 크림 50ml 리필기획 (+윤곽마스크 2매)(올리지오 콜라보),"75,800","40,900"
35,닥터자르트,[한정수량1+1] 닥터자르트 세라마이딘 울트라 모이스처라이징 크림 50ml 1+1 기획,"51,000","43,350"
36,아이오페,[모공탄력] 아이오페 레티놀 슈퍼 바운스 세럼 30ml 기획 (+20ml+선 프로텍터 25ml),"50,000","42,500"
37,성분에디터,[콜라겐 녹는실] 성분에디터 실크 펩타이드 인텐시브 리프팅 앰플 35ml,"36,000","14,900"
38,브링그린,[피지쓱싹] 브링그린 티트리시카수딩토너 500mL 기획/단품,"27,000","19,800"
39,넘버즈인,[모공+피부결]넘버즈인 3번 보들보들 결 세럼 50ml 리필기획(50ml+50ml),"38,000","28,500"
40,에스트라,에스트라 아토베리어365 하이드로에센스 200ml 기획 (+크림 30ml+무기자차선크림3ml 증정),"32,000","24,000"
41,에스트라,[50%용량증정]에스트라 아토베리어365 세라-히알 속수분 앰플 30ML+15ML 기획,"33,000","24,700"
42,VT,[1등에센스] VT 리들샷 100 에센스 50ml(기획/단품),"32,000","23,500"
43,차앤박,[2월 올영픽] 차앤박 프로폴리스 앰플 미스트 250ml 더블기획 (250ml+250ml),"27,000","22,900"
44,아이디얼포맨,[2월올영픽]아이디얼포맨 퍼펙트 올인원(토트넘 콜라보 기획/상시기획),"39,800","29,800"
45,마몽드,[최초 1+1 기획_2월 올영픽] 마몽드 포어 슈링커 바쿠치올 크림 60ml 톰과 제리 에디션 (+파우치 증정),"38,000","34,900"
46,에스트라,[2월올영픽] [수분크림]에스트라 아토베리어365 하이드로 수딩크림 100ml 대용량 기획 (+무기자차 선크림10ml),"47,000","32,900"
47,디오디너리,디오디너리 나이아신아마이드 10% + 징크 1% 60ml,"12,600","42,500"
48,닥터자르트,[인씨 PICK/한정수량1+1] 닥터자르트 시카페어 인텐시브 수딩 리페어 크림 50ml 1+1 기획,"50,000","20,900"
49,이즈앤트리,[디렉터파이 PICK] 이즈앤트리 어니언 뉴페어 겔크림 50ml 기획 (+20ml +패드2매),"32,000","27,400"
50,이니스프리,[리필기획] 이니스프리 비타C 7일 톤업 세럼 30ML 리필 기획(+리필팩 30ML),"38,000","29,700"
51,에스트라,[올영 어워즈 1등 크림]에스트라 아토베리어365 크림 80ml,"33,000","39,900"
52,아이소이,[10년연속수상] 아이소이 잡티세럼 20ml x3트리플 어워즈 한정기획(+아이&미간패치 1set),"54,000","36,900"
53,아벤느,[수분 충전]아벤느 이드랑스 에센스 인 로션 200ml 더블기획,"51,000","18,900"
54,퍼셀,[2월올영픽/톤업앰플/리뷰이벤트] 퍼셀 880억/mL 글루타치온 플렉서블 리포좀 20ml 기획 (+7ml),"27,500","22,900"
오특,에스네이처,[화해 1위/속보습 진정] 에스네이처 아쿠아 오아시스 수분 젤크림 90ml 기획 (+카밍패드 2매),"34,000","22,900"
,에스네이처,[2024어워즈] 에스네이처 아쿠아 스쿠알란 세럼 50ml 어워즈 기획(+50ml리필+수분크림10ml+카밍패드2매),"35,000","25,000"
56,넘버즈인,[수딩진정]넘버즈인 1번 판토텐산 액티브업 수딩세럼 50ml 리필기획(50ml+50ml),"38,000","23,800"
57,오드로이,오드로이 블랙체리 모공수축크림 로프디 100ml,"28,000","18,100"
58,성분에디터,[1등모공앰플] 성분에디터 그린토마토 모공앰플 30ml 1+1 더블기획,"25,900","20,800"
59,비욘드,[400만개돌파/1등수분크림] 비욘드 엔젤아쿠아 수분진정크림 더블기획(150mlX2개입)(비건),"25,000","26,000"
60,빌리프,빌리프 슈퍼드랍스 멀티7 히알루론세럼 30ml 기획/단품,"33,000","29,900"
61,넘버즈인,[흔적미백] 넘버즈인 5번 글루타치온C 흔적 앰플 30ml+30ml 듀오기획,"46,000","28,000"
62,라운드랩,[민감진정] 라운드랩 소나무 진정 시카 앰플 30ml+30ml,"43,000","28,220"
63,셀리맥스,셀리맥스 더 리얼 노니 에너지 앰플 90ml 에디션 (80ml+10ml),"33,000","20,900"
64,달바,[재구매 1위/NO.1 미스트세럼] 달바 화이트 트러플 퍼스트 스프레이 세럼 100ml,"29,900","29,200"
65,이니스프리,"[2/14 오늘의 특가] 이니스프리 레티놀 시카 흔적 앰플 30ml 기획 (+20ml, 마이멜로디 파우치)","40,000","72,100"
66,유세린,[1&1/10년연속1위] 유세린 하이알루론 3X 아이크림 더블기획 (15ml+15ml),"75,900","20,300"
67,메이크프렘,[단독기획/수분진정] 메이크프렘 인테카 수딩크림 70ml 기획(+크림 31ml+패드2매*2개),"29,000","34,000"
68,아누아,[대용량기획] 아누아 어성초 77 수딩 토너 350ml 기획 (+350ml 리필팩),"49,000","29,600"
69,이니스프리,"[매끈모공] 이니스프리 레티놀 그린티 피디알엔 스킨부스터 앰플 25ml 기획 (+15ml, 마이멜로디 키링)","40,000","27,000"
70,라운드랩,[1등토너] 라운드랩 1025 독도 토너 500ml 기획 (+100ml),"30,000","29,250"
71,닥터지,[보습크림/속보습] 닥터지 레드 블레미쉬 클리어 모이스처 크림 70ml+30ml 기획(닥터지 수분크림),"39,000","28,600"
72,아이소이,[아이소이x망그러진곰][대용량] 아이소이 모이스춰 닥터 장수진 수분크림100ml 한정기획(+키링&장바구니증정),"52,000","22,900"
73,닥터엘시아,닥터엘시아 345 릴리프 크림 50ml,"29,000","29,900"
74,피지오겔,[한정기획] 피지오겔 DMT포맨 증정 기획세트 2종(플루이드 or 크림),"65,000","15,900"
75,토리든,토리든 다이브인 포맨 저분자 히알루론산 올인원 200g 단품/기획 (+클렌징폼 30ml/올인원20g),"24,000","18,900"
일시품절,에스네이처,[화해1위 3관왕] 에스네이처 아쿠아 오아시스 토너 300ml 기획 (+젤크림 30ml),"24,000","25,650"
76,제로이드,[2월 올영픽] 제로이드 수딩 크림 80ml,"30,000","35,300"
77,이즈앤트리,이즈앤트리 어니언 뉴페어 겔크림 50ml 더블기획 (+20ml),"49,000","27,200"
78,넘버즈인,[수딩진정]넘버즈인 1번 판토텐산 액티브 수딩크림 80ml+80ml 더블 기획,"40,000","23,400"
79,라로슈포제,라로슈포제 시카플라스트 밤B5+ 40ml,"26,000","31,500"
80,쏘내추럴,쏘내추럴 올 데이 메이크업 픽서 더블기획 (120ml+120ml),"42,000","27,200"
81,라로슈포제,[2월 올영픽] 라로슈포제 에빠끌라 듀오+ M 에센스 40ml 기획 (+3ml*2 추가증정),"34,000","27,360"
82,구달,[한정기획] 구달 청귤 비타C 다크서클 아이크림 30ml 기획 (+15ml*2ea증정),"24,000","41,200"
83,제로이드,[2월 올영픽/올영단독] 제로이드 인텐시브 로션 160ml 기획 (+크림 25ml),"32,000","27,080"
84,라로슈포제,[2월 올영픽/리뉴얼 런칭] 라로슈포제 순수 비타민 C12 세럼 30ml 기획 (+멜라B3세럼 3ml*2 증정),"55,000","27,000"
85,더마토리,[총100ml] 더마토리 히알샷 베리어 B5 앰플 50ml 리필기획(+50ml 리필),"35,000","38,900"
86,라로슈포제,라로슈포제 시카플라스트 로션 B5 판테놀 시카에센스 토너 200ml,"36,000","24,500"
87,리얼베리어,[2월한정] 리얼베리어 익스트림 크림 70ml 기획 (+크림 50ml + 세럼 10ml),"39,000","28,900"
88,바이오더마,[2월 올영픽/토너 본품증정]바이오더마 하이드라비오 히알루+ 세럼 30ml 기획 (+토너 250ml 증정),"52,000","19,600"
89,바이오힐보,[재구매1위/퀵보습진정] 바이오힐보 판테셀 리페어시카 크림미스트 120mL+120mL 더블기획,"25,200","31,200"
90,더랩바이블랑두,[속보습] 더랩바이블랑두 올리고 히알루론산 딥 토너 500ml 대용량 기획 (+100ml),"37,000","20,800"
91,샤이샤이샤이,[속건조 종결] 샤이샤이샤이 리포좀 리페어 밀키 크림 50ml,"28,000","23,380"
92,한율,[반쪽모공] 한율 보들은행잎 모공핏 세럼 기획 (40ml+7ml),"39,000","27,300"
93,브링그린,[화잘먹크림] 브링그린 티트리시카수딩크림플러스 100mL+100ml 더블기획,"34,200","19,900"
94,반코르,반코르 바쿠치올 세럼 30ml,"27,500",
95,아비브,[쿨링진정] 아비브 어성초 카밍 토너 스킨부스터 더블 기획 (200ml+200ml),"39,000",
96,에스티로더,에스티로더 갈색병 30ml 기획 (갈색병 21ml 추가 증정),"127,000",
97,아이디얼포맨,[시카]아이디얼 포 맨 시카 올인원 150mL 단품/기획(2024 AD),"30,000",
98,,,,
99,,,,
100,,,,
