플랫폼,브랜드,제품명,대분류_순위,대분류,중분류,소분류,평점,후기 수,정가,할인가
올리브영,어뮤즈, 어뮤즈 세라믹 스킨 퍼펙터 쿠션 발레리나 에디션 한정 기획 (+리필+퍼프 증정),1,메이크업,베이스메이크업,쿠션,4.6,9122,38000,28500.0
올리브영,3CE, 3CE 캐시미어 허그 립스틱 10colors (기획세트 / 단품),2,메이크업,립메이크업,립스틱,4.7,1153,22000,16500.0
올리브영,롬앤, 롬앤 더 쥬시 래스팅 틴트 23 Color,3,메이크업,립메이크업,립틴트,4.7,152984,13000,9900.0
올리브영,에스쁘아, 에스쁘아 비벨벳 커버쿠션 SPF42 PA++ (본품+리필) 8 colors + 미니 파우더,4,메이크업,베이스메이크업,쿠션,4.7,13489,40000,28900.0
올리브영,에스쁘아, 에스쁘아 꾸뛰르 립틴트 글레이즈 20 colors,5,메이크업,립메이크업,립틴트,4.8,8504,22000,16500.0
올리브영,디어달리아, 디어달리아 리퀴드 블러쉬 (기획/단품),6,메이크업,베이스메이크업,블러셔,4.8,7588,25000,21250.0
올리브영,에스쁘아, 에스쁘아 아이 코어 팔레트 9g + 브러쉬 증정,7,메이크업,아이메이크업,아이섀도우,4.8,1768,36000,26600.0
올리브영,에스쁘아, 에스쁘아 비글로우 볼륨 쿠션 기획 (본품+리필+스틱 하이라이터 키링),8,메이크업,베이스메이크업,쿠션,4.6,6293,40000,28900.0
올리브영,토니모리, 토니모리 퍼펙트립스 쇼킹립 틴트 14종,9,메이크업,립메이크업,립틴트,4.6,5893,15000,11250.0
올리브영,컬러그램, 컬러그램 누디 블러 틴트 13 COLOR (기획/단품),10,메이크업,립메이크업,립틴트,4.8,14655,10000,8500.0
올리브영,에뛰드, 에뛰드 그림자 쉐딩 브라이트너+멀티 브러쉬 증정 기획 웜&쿨,11,메이크업,베이스메이크업,쉐이딩,4.8,15586,20000,16000.0
올리브영,에스쁘아, 에스쁘아 비글로우 파운데이션 30g 10 colors + 브러쉬 + 미니쿠션 공용기,12,메이크업,베이스메이크업,파운데이션,4.7,4673,42000,30900.0
올리브영,오브제, 오브제 커버로션 50g 어워즈 한정기획 (+미니어처 10g),13,메이크업,베이스메이크업,BB/CC,4.8,1201,29800,
올리브영,3CE, 3CE 블러쉬라이터 7colors (기획세트 / 단품),14,메이크업,베이스메이크업,블러셔,4.7,129,24000,19900.0
올리브영,클리오, 클리오 샤프 쏘 심플 워터프루프 펜슬라이너,15,메이크업,아이메이크업,아이라이너,4.7,103909,11000,
올리브영,투쿨포스쿨, 투쿨포스쿨 듀얼 컨투어 스틱 3colors,16,메이크업,베이스메이크업,쉐이딩,4.7,2520,15000,10900.0
올리브영,투크, 투크 워터프루프 슬림 아이라이너 16colors,17,메이크업,아이메이크업,아이라이너,4.7,30474,13900,
올리브영,오프라 코스메틱, 오프라 코스메틱 미니 하이라이터 9종,18,메이크업,베이스메이크업,하이라이터,4.8,9036,33000,30000.0
올리브영,투쿨포스쿨, 투쿨포스쿨 프로타주 펜슬 14colors (한정기획/단품),19,메이크업,아이메이크업,아이섀도우,4.7,56103,12000,10800.0
올리브영,에뛰드, [NEW 단독기획] 에뛰드 컬 픽스 마스카라_4 Colors,20,메이크업,아이메이크업,마스카라,4.8,39021,16000,12800.0
올리브영,어뮤즈, 어뮤즈 파우더 벨벳 틴트 한정 기획 (+미니리무버 증정),21,메이크업,립메이크업,립틴트,4.9,234,19000,16150.0
올리브영,키스미, 키스미 스무스 리퀴드 아이라이너 N 3종 1+1 한정기획,22,메이크업,아이메이크업,아이라이너,4.8,28827,18000,17800.0
올리브영,페리페라," 페리페라 올테이크 무드 팔레트 (+7,8호 컬러 마스카라 기획)",23,메이크업,아이메이크업,아이섀도우,4.8,3509,23000,17850.0
올리브영,VDL, VDL 커버 스테인 퍼펙팅 쿠션 리필 기획,24,메이크업,베이스메이크업,쿠션,4.7,3065,34000,28900.0
올리브영,페리페라,페리페라 스피디 스키니 브로우,25,메이크업,아이메이크업,아이브로우,4.8,58201,6000,5700.0
올리브영,에뛰드, [미러키링 증정] 에뛰드 왓츠 인 마이 아이즈 24 colors,26,메이크업,아이메이크업,아이섀도우,4.8,2796,6000,4500.0
올리브영,라네즈,라네즈 네오 톤업 피니시 파우더 7g,27,메이크업,베이스메이크업,파우더/팩트,4.7,849,29000,23200.0
올리브영,에이프릴스킨,에이프릴스킨 히어로 쿠션(본품+리필),28,메이크업,베이스메이크업,쿠션,4.6,7306,33000,23100.0
올리브영,정샘물,정샘물 에센셜 스킨 누더 쿠션 (본품+리필),29,메이크업,베이스메이크업,쿠션,4.7,23475,45000,42750.0
올리브영,하트퍼센트, 하트퍼센트 도트 온 무드 립펜슬 20colors (기획/단품),30,메이크업,립메이크업,립스틱,4.7,27244,14000,
올리브영,바닐라코, 바닐라코 얼티밋 화이트 쿠션 (+리필+픽서 기획),31,메이크업,베이스메이크업,쿠션,4.6,19469,38000,30400.0
올리브영,투쿨포스쿨, 투쿨포스쿨 스머징 트임 라이너 10colors,32,메이크업,아이메이크업,아이라이너,4.7,11257,12000,9600.0
올리브영,3CE, 3CE 블러 워터 틴트,33,메이크업,립메이크업,립틴트,4.7,28039,18000,12600.0
올리브영,홀리카홀리카, 홀리카홀리카 마이페이브 피스 아이섀도우/ 피스빔,34,메이크업,아이메이크업,아이섀도우,4.8,67958,6000,4800.0
올리브영,웨이크메이크, 웨이크메이크 소프트 블러링 아이팔레트 (기획/단품),35,메이크업,아이메이크업,아이섀도우,4.8,44806,34000,23800.0
올리브영,퓌, 퓌 립앤치크 블러리 푸딩팟 (+미니 립브러쉬 증정),36,메이크업,베이스메이크업,블러셔,4.6,14472,22000,16500.0
올리브영,더샘, 더샘 커버 퍼펙션 트리플 팟 컨실러 7colors,37,메이크업,베이스메이크업,컨실러,4.7,37689,12000,10800.0
올리브영,정샘물, 정샘물 스킨 세팅 베이스 6종,38,메이크업,베이스메이크업,프라이머/베이스,4.6,1890,33000,
올리브영,에뛰드, NEW 에뛰드 클라우드 필터쿠션리필 + 퍼프 2매 기획 세트,39,메이크업,베이스메이크업,쿠션,4.6,1091,26000,19500.0
올리브영,VDL,"VDL 커버스테인 퍼펙팅 파운데이션 30ml (+휴대용파데, 퍼프기획/ 단품)",40,메이크업,베이스메이크업,파운데이션,4.7,9338,30000,
올리브영,오브제, 오브제 내추럴 커버 파운데이션 기획세트(+클렌징폼 50ml),41,메이크업,베이스메이크업,파운데이션,4.8,5165,36800,29800.0
올리브영,파넬, 파넬 시카마누 세럼쿠션 기획 (본품+리필),42,메이크업,베이스메이크업,쿠션,4.5,5681,37000,33300.0
올리브영,데이지크, 데이지크 퓨어 워터 립 글로스 16종 중 택1,43,메이크업,립메이크업,립글로스,4.7,792,18000,11340.0
올리브영,에뛰드, 에뛰드 재창조 메이커 쉐딩 스틱 브러쉬 한정 기획 /단품 (웜&쿨),44,메이크업,베이스메이크업,쉐이딩,4.7,16625,14000,11200.0
올리브영,네이밍, 네이밍 레이어드 핏 쿠션 기획 (본품+리필),45,메이크업,베이스메이크업,쿠션,4.7,12763,34000,29700.0
올리브영,라네즈,라네즈 네오 쿠션 글로우 15g 기획/단품,46,메이크업,베이스메이크업,쿠션,4.6,1671,30000,24000.0
올리브영,코스노리, 코스노리 화이트닝 드레스 비건 톤업크림,47,메이크업,베이스메이크업,프라이머/베이스,4.6,15874,20000,16000.0
올리브영,웨이크메이크,웨이크메이크 스테이 픽서 멀티 컬러 파우더 4COLOR (단품/브러시기획),48,메이크업,베이스메이크업,파우더/팩트,4.6,5594,29000,15400.0
올리브영,코스노리, 코스노리 롱 액티브 아이래쉬 세럼 비건 속눈썹영양제,49,메이크업,아이메이크업,마스카라,4.7,33833,18000,14400.0
올리브영,코스노리, 코스노리 아이래쉬 틴팅 세럼 비건 블랙 속눈썹영양제,50,메이크업,아이메이크업,마스카라,4.7,10122,18000,14400.0
올리브영,페리페라, 페리페라 시럽피 톡 치크,51,메이크업,베이스메이크업,블러셔,4.7,277,14000,11200.0
올리브영,코스노리, 코스노리 판테놀 비건 글로우 쿠션 (단품/기획),52,메이크업,베이스메이크업,쿠션,4.7,2522,32000,22400.0
올리브영,퓌,퓌 3D 볼류밍 글로스 12컬러 (30%/70%),53,메이크업,립메이크업,립글로스,4.7,6167,18000,13500.0
올리브영,에스쁘아, 에스쁘아 더브로우 밸런스 펜슬 (+눈썹 숱가위 증정),54,메이크업,아이메이크업,아이브로우,4.8,24164,16000,12500.0
올리브영,웨이크메이크, 웨이크메이크 내추럴 하드 브로우 펜슬 5 COLOR,55,메이크업,아이메이크업,아이브로우,4.7,30397,13000,11700.0
올리브영,롬앤,롬앤 글래스팅 멜팅 밤 (기획/단품),56,메이크업,립메이크업,립밤,4.7,36326,13000,9900.0
올리브영,페리페라,페리페라 스피디 스키니 브로우 마스카라,57,메이크업,아이메이크업,아이브로우,4.7,10413,8000,7700.0
올리브영,홀리카홀리카,홀리카홀리카 마이페이브 무드 아이팔레트,58,메이크업,아이메이크업,아이섀도우,4.8,11699,28000,21000.0
올리브영,딘토, 딘토 블러글로이 립 틴트 30colors (+미니 속광치크 증정),59,메이크업,립메이크업,립틴트,4.7,15461,20000,14000.0
올리브영,3CE, 3CE 글레이지 립 글로우 9colors,60,메이크업,립메이크업,립스틱,4.8,250,21000,17800.0
올리브영,엔트로피 메이크업, 엔트로피 메이크업 브로우 컬러 애쉬브라운,61,메이크업,아이메이크업,아이브로우,4.7,1288,45000,
올리브영,롬앤, 롬앤 글래스팅 컬러 글로스,62,메이크업,립메이크업,립글로스,4.7,19760,13000,9900.0
올리브영,루나, 루나 롱래스팅 팁 컨실러 기획 7colors,63,메이크업,베이스메이크업,컨실러,4.7,35830,15000,10500.0
올리브영,지베르니, 지베르니 플러피 듀얼 블러셔 3 COLORS (LAZY BUNNY) (온),64,메이크업,베이스메이크업,블러셔,0.0,0,19000,
올리브영,페리페라,페리페라 잉크 무드 글로이 틴트,65,메이크업,립메이크업,립틴트,4.7,83546,11000,
올리브영,투쿨포스쿨, 투쿨포스쿨 바이로댕 쉐이딩 3colors,66,메이크업,베이스메이크업,쉐이딩,4.8,42771,16000,13600.0
올리브영,데이지크, 데이지크 섀도우팔레트 24 colors (단품/기획),67,메이크업,아이메이크업,아이섀도우,4.7,29268,34000,
올리브영,연작, 연작 스킨 퍼펙팅 프로텍티브 베이스프렙 40ml,68,메이크업,베이스메이크업,프라이머/베이스,4.7,794,45000,
올리브영,롬앤, 롬앤 블러 퍼지 틴트,69,메이크업,립메이크업,립틴트,4.7,40648,13000,9900.0
올리브영,클리오,[NEW 20호 출시] 클리오 킬래쉬 수퍼프루프마스카라 1+1 기획,70,메이크업,아이메이크업,마스카라,4.7,47813,18000,
올리브영,바닐라코,[3년연속수상] 바닐라코 프라임 프라이머 피니쉬 파우더,71,메이크업,베이스메이크업,파우더/팩트,4.8,29226,22000,17600.0
올리브영,투에이엔, 투에이엔 듀얼치크 12colors (단품/한정기획),72,메이크업,베이스메이크업,블러셔,4.8,5086,19000,15900.0
올리브영,클리오,클리오 킬커버 하이 글로우 쿠션(본품+리필 기획),73,메이크업,베이스메이크업,쿠션,4.5,5489,36000,27000.0
올리브영,에스쁘아, 에스쁘아 더브로우 컬러 픽싱 카라 4 Colors,74,메이크업,아이메이크업,아이브로우,4.8,5047,16000,12500.0
올리브영,비레디,[1+1]비레디 트루 톤 로션 33ml 1+1 기획 2종 택1 (오리지널/에어리),75,메이크업,베이스메이크업,BB/CC,4.7,1173,37000,28900.0
올리브영,투에이엔,투에이엔 베러미 아이팔레트 12colors(단품/한정기획),76,메이크업,아이메이크업,아이섀도우,4.8,2854,23000,19000.0
올리브영,라네즈,라네즈 네오 쿠션 매트 15g 기획/단품,77,메이크업,베이스메이크업,쿠션,4.7,8975,30000,24000.0
올리브영,헤라,헤라 블랙 쿠션 파운데이션 (본품15g+리필15g),78,메이크업,베이스메이크업,쿠션,4.8,11478,74000,
올리브영,헤라,헤라 센슈얼 누드 글로스 5g,79,메이크업,립메이크업,립글로스,4.8,4568,40000,
올리브영,롬앤, 롬앤 베러 댄 컨투어,80,메이크업,베이스메이크업,쉐이딩,4.8,4141,24000,21600.0
올리브영,뮤드, 뮤드 인스파이어 스키니 컬링/멀티 픽서 마스카라 (기획/단품),81,메이크업,아이메이크업,마스카라,4.8,12951,14000,12600.0
올리브영,롬앤, 롬앤 베러 댄 치크,82,메이크업,베이스메이크업,블러셔,4.7,36877,12000,9900.0
올리브영,컬러그램, 컬러그램 탕후루 탱글 틴트 16 COLOR (단품/기획),83,메이크업,립메이크업,립틴트,4.7,14787,10000,8900.0
올리브영,얼터너티브스테레오, 얼터너티브스테레오 립 포션 슈가 글레이즈 틴트,84,메이크업,립메이크업,립틴트,4.7,2300,19000,16150.0
올리브영,컬러그램, 컬러그램 올인원 애교살 메이커 9 COLOR (기획/콜라보/단품),85,메이크업,아이메이크업,아이섀도우,4.6,35548,9800,
올리브영,웨이크메이크, 웨이크메이크 워터 글로우 코팅밤 3 COLOR (본품+리필+퍼프 2매 기획),86,메이크업,베이스메이크업,파운데이션,4.6,5198,36000,25200.0
올리브영,베네피트, 베네피트 틴트 6종 택1,87,메이크업,립메이크업,립틴트,4.7,5931,32000,27200.0
올리브영,웨이크메이크, 웨이크메이크 리얼 애쉬 브러쉬 아이라이너 3color (1+1기획/단품),88,메이크업,아이메이크업,아이라이너,4.7,15855,14000,
올리브영,마르시끄, 마르시끄 인리치드 비건 블랙 속눈썹 영양제,89,메이크업,아이메이크업,마스카라,4.6,1476,24800,19800.0
올리브영,클리오,"[5년연속수상]클리오 킬 커버 파운웨어 쿠션 디 오리지널 한정기획 (+리필, 톤업 프라이머 증정)",90,메이크업,베이스메이크업,쿠션,4.5,4870,36000,
올리브영,비디비치, 비디비치 롱웨어 스킨 핏 쿠션 리필 기획 (+스킨일루미네이션10ml 증정) 3종 택1,91,메이크업,베이스메이크업,쿠션,4.8,296,56000,44800.0
올리브영,힌스, 힌스 메쉬 매트 쿠션 어워즈 한정 기획(본품+리필+미니컨실러),92,메이크업,베이스메이크업,쿠션,4.6,7854,34000,
올리브영,데이지크, 데이지크 핑크 블라썸 섀도우 팔레트 2종 중 택1,93,메이크업,아이메이크업,아이섀도우,5.0,17,32000,22990.0
올리브영,페리페라,페리페라 맑게 물든 선샤인 치크,94,메이크업,베이스메이크업,블러셔,4.8,25916,8000,
올리브영,더샘, 더샘 커버 퍼펙션 팁컨실러 9.5g 6colors,95,메이크업,베이스메이크업,컨실러,4.7,15210,7700,6930.0
올리브영,롬앤,롬앤 듀이풀 워터 틴트,96,메이크업,립메이크업,립틴트,4.7,36721,13000,11050.0
올리브영,롬앤,롬앤 한올 샤프 브로우,97,메이크업,아이메이크업,아이브로우,4.7,14002,12000,9600.0
올리브영,키스미, 키스미 마스카라 EX 1+1 한정기획 (롱/볼륨) (기획/단품),98,메이크업,아이메이크업,마스카라,4.7,16530,18000,17800.0
올리브영,클리오, 클리오 크리스탈 글램 틴트,99,메이크업,립메이크업,립틴트,4.7,21536,18000,
올리브영,토니모리, 토니모리 치크톤 립앤치크 듀오밤 12종,100,메이크업,베이스메이크업,블러셔,4.9,1101,20000,18000.0
